principal analysis set accession	annotation file accession	lab	pseudobulking status	processed date	missing annotations columns	uniform pipeline status
IGVFDS5057UIBI	IGVFFI5432UNJS	/labs/ali-mortazavi/	unattempted			completed
IGVFDS5135UXJI	IGVFFI0715CPVH	/labs/ali-mortazavi/	unattempted			completed
IGVFDS4545HFSD	IGVFFI1707YOZB	/labs/ali-mortazavi/	unattempted			completed
IGVFDS3658MAHN	IGVFFI9976SBMH	/labs/jason-buenrostro/	unattempted			completed
IGVFDS1694SYHI	IGVFFI2081QSQH	/labs/ali-mortazavi/	unattempted			completed
IGVFDS2155NSLH	IGVFFI9258UUME	/labs/ali-mortazavi/	unattempted			completed
IGVFDS9051VUZP	IGVFFI6119AGUK	/labs/jason-buenrostro/	unattempted			completed
IGVFDS7133QNZD	IGVFFI7493LPSU	/labs/ali-mortazavi/	unattempted			completed
IGVFDS7436BUJZ	IGVFFI4964AFQZ	/labs/ali-mortazavi/	unattempted			completed
IGVFDS5803QDBJ	IGVFFI7456OUSQ	/labs/ali-mortazavi/	unattempted			completed
IGVFDS2553RRNE	IGVFFI9198AOGQ	/labs/ali-mortazavi/	unattempted			completed
IGVFDS8917OCZJ	IGVFFI5309XMHC	/labs/ali-mortazavi/	unattempted			completed
IGVFDS6868XRYK	IGVFFI1339SGIK	/labs/jason-buenrostro/	unattempted			completed
IGVFDS3127XYVI	IGVFFI8165ZMLV	/labs/ryan-corces/	unattempted			UNKNOWN
IGVFDS7195AWGU	IGVFFI0124YILT	/labs/ryan-corces/	unattempted			UNKNOWN
IGVFDS7801YRNW	IGVFFI1229VQUA	/labs/ryan-corces/	unattempted			UNKNOWN
IGVFDS5811GTUO	IGVFFI7294SSGL	/labs/ryan-corces/	unattempted			UNKNOWN
IGVFDS7379LGFD	IGVFFI5022MWKP	/labs/ryan-corces/	unattempted			UNKNOWN
IGVFDS2409FZPH	IGVFFI4621CIYC	/labs/ryan-corces/	unattempted			UNKNOWN
IGVFDS5455OCTJ	IGVFFI1926GPVF	/labs/ryan-corces/	unattempted			UNKNOWN
IGVFDS7133RSVV	IGVFFI4781FVBZ	/labs/ryan-corces/	unattempted			UNKNOWN
IGVFDS5932MPMB	IGVFFI7082GOCW	/labs/ali-mortazavi/	unattempted			completed
IGVFDS8574JYIW	IGVFFI0214ZONX	/labs/ali-mortazavi/	unattempted			completed
IGVFDS3389VMIO	IGVFFI3930DZNF	/labs/ryan-corces/	unattempted			UNKNOWN
IGVFDS3764DBMB	IGVFFI5032OJXK	/labs/ryan-corces/	unattempted			UNKNOWN
IGVFDS1258JSKB	IGVFFI3821LVEA	/labs/ryan-corces/	unattempted			UNKNOWN
IGVFDS8688JDIP	IGVFFI8839USAK	/labs/ryan-corces/	unattempted			UNKNOWN
IGVFDS1723SXGR	IGVFFI0644IAUB	/labs/ryan-corces/	unattempted			UNKNOWN
IGVFDS1221BIJY	IGVFFI9576BPTL	/labs/ryan-corces/	unattempted			UNKNOWN
IGVFDS4280OAJI	IGVFFI5410XNAL	/labs/ryan-corces/	unattempted			UNKNOWN
IGVFDS8550UJMK	IGVFFI1092HXBU	/labs/ryan-corces/	unattempted			UNKNOWN
IGVFDS7279IJVK	IGVFFI3119DDMI	/labs/ryan-corces/	unattempted			UNKNOWN
IGVFDS4996CJPK	IGVFFI4841JCJG	/labs/ryan-corces/	unattempted			UNKNOWN
IGVFDS5651XTFQ	IGVFFI2787SCAJ	/labs/ryan-corces/	unattempted			UNKNOWN
IGVFDS0022XYCA	IGVFFI8775LWTN	/labs/ali-mortazavi/	unattempted			completed
IGVFDS4512ZHGG	IGVFFI4018SEVY	/labs/ryan-corces/	unattempted			UNKNOWN
IGVFDS6399NFZO	IGVFFI9496BUJW	/labs/ryan-corces/	unattempted			UNKNOWN
IGVFDS2548PTNT	IGVFFI7296UUVP	/labs/ali-mortazavi/	unattempted			completed
IGVFDS4284RVZG	IGVFFI0130CJQT	/labs/hannah-carter/	unattempted			completed
IGVFDS2343CSCN	IGVFFI6793FUBX	/labs/ali-mortazavi/	unattempted			completed
IGVFDS5744OHQK	IGVFFI8229DDKG	/labs/ryan-corces/	unattempted			UNKNOWN
IGVFDS6119LKCZ	IGVFFI7163QSIK	/labs/ryan-corces/	unattempted			UNKNOWN
IGVFDS5354SSEN	IGVFFI0553SFPG	/labs/ali-mortazavi/	unattempted			completed
IGVFDS7242YDEX	IGVFFI3757JYVZ	/labs/ryan-corces/	unattempted			UNKNOWN
IGVFDS1735JEXA	IGVFFI6380LOEH	/labs/ryan-corces/	unattempted			UNKNOWN
IGVFDS6789IPVH	IGVFFI7071IVKZ	/labs/ryan-corces/	unattempted			UNKNOWN
IGVFDS2187SFYQ	IGVFFI7980ETRF	/labs/ali-mortazavi/	unattempted			completed
IGVFDS3844FXAW	IGVFFI9856DDBM	/labs/ryan-corces/	unattempted			UNKNOWN
IGVFDS4258QDIT	IGVFFI4012QJUB	/labs/ansuman-satpathy/	needs-fix	2026-06-04T00:45:18.361721+00:00	subsample,CL_term_name,analysis_set_accession,CL_id,cell_description,barcode_sample,cell_name	UNKNOWN
IGVFDS6179PMJW	IGVFFI2441NUXZ	/labs/ryan-corces/	unattempted			UNKNOWN
IGVFDS2359HJKU	IGVFFI6245NDZI	/labs/ryan-corces/	unattempted			UNKNOWN
IGVFDS7312CNYE	IGVFFI1419AOBZ	/labs/ryan-corces/	unattempted			UNKNOWN
IGVFDS3881MVOJ	IGVFFI5459CVYA	/labs/ryan-corces/	unattempted			UNKNOWN
IGVFDS2878SAAH	IGVFFI7186BVAC	/labs/ryan-corces/	unattempted			UNKNOWN
IGVFDS1022JJNV	IGVFFI9769YSBF	/labs/ryan-corces/	unattempted			UNKNOWN
IGVFDS6822LRNN	IGVFFI1242HZIK	/labs/ryan-corces/	unattempted			UNKNOWN
IGVFDS4760KZOT	IGVFFI7760OWYP	/labs/ryan-corces/	unattempted			UNKNOWN
IGVFDS3598RGBA	IGVFFI6610YBCM	/labs/ali-mortazavi/	unattempted			completed
IGVFDS7024NHKY	IGVFFI0008SIJS	/labs/ryan-corces/	unattempted			UNKNOWN
IGVFDS1947MLAF	IGVFFI8603FZGR	/labs/ali-mortazavi/	unattempted			completed
IGVFDS0908DBZI	IGVFFI8866DGDA	/labs/ryan-corces/	unattempted			UNKNOWN
IGVFDS3867VTIH	IGVFFI5971UYJW	/labs/ryan-corces/	unattempted			UNKNOWN
IGVFDS0889OXXG	IGVFFI9237NHVN	/labs/ali-mortazavi/	unattempted			completed
IGVFDS2949ZZKW	IGVFFI3312ICNH	/labs/ali-mortazavi/	unattempted			completed
IGVFDS5426TRFN	IGVFFI1537RLAN	/labs/ryan-corces/	unattempted			UNKNOWN
IGVFDS4669WIDX	IGVFFI0851JWKP	/labs/ali-mortazavi/	unattempted			completed
IGVFDS1636HNTZ	IGVFFI4329LOPX	/labs/ali-mortazavi/	unattempted			completed
IGVFDS3008PTSF	IGVFFI4435PMLB	/labs/ryan-corces/	unattempted			UNKNOWN
IGVFDS3246ALUP	IGVFFI4662NJFF	/labs/ryan-corces/	unattempted			UNKNOWN
IGVFDS9226ISOO	IGVFFI5873KWLY	/labs/ryan-corces/	unattempted			UNKNOWN
IGVFDS2526XLXY	IGVFFI5583VFWY	/labs/ali-mortazavi/	unattempted			completed
IGVFDS0282NUNE	IGVFFI9296WKYM	/labs/ali-mortazavi/	unattempted			completed
IGVFDS9439VWMI	IGVFFI1246WERI	/labs/chongyuan-luo/	needs-fix	2026-07-23T21:34:58.808189+00:00		UNKNOWN
IGVFDS8778BGFX	IGVFFI4234BKTF	/labs/ryan-corces/	unattempted			UNKNOWN
IGVFDS6652SNXT	IGVFFI4631LHVY	/labs/ali-mortazavi/	unattempted			completed
IGVFDS5650GPHK	IGVFFI6653FHEI	/labs/ryan-corces/	unattempted			UNKNOWN
IGVFDS3044ZQJM	IGVFFI5786VZZC	/labs/ryan-corces/	unattempted			UNKNOWN
IGVFDS6746TEZV	IGVFFI0504JMVD	/labs/ryan-corces/	unattempted			UNKNOWN
IGVFDS7108AHKU	IGVFFI4109WMUK	/labs/ryan-corces/	unattempted			UNKNOWN
IGVFDS4233KREM	IGVFFI5270DVLJ	/labs/ryan-corces/	unattempted			UNKNOWN
IGVFDS3492UWOZ	IGVFFI6206WLHN	/labs/ryan-corces/	unattempted			UNKNOWN
IGVFDS2950NJYI	IGVFFI4434LYVZ	/labs/ryan-corces/	unattempted			UNKNOWN
IGVFDS5333LMFV	IGVFFI6709FLBH	/labs/ali-mortazavi/	unattempted			completed
IGVFDS8535RPZB	IGVFFI5363WDJG	/labs/ryan-corces/	unattempted			UNKNOWN
IGVFDS5679XVDZ	IGVFFI5629TEAY	/labs/ryan-corces/	unattempted			UNKNOWN
IGVFDS9076OYLW	IGVFFI1850XDHC	/labs/ali-mortazavi/	unattempted			completed
IGVFDS4161FPFC	IGVFFI7784HABU	/labs/ryan-corces/	unattempted			UNKNOWN
IGVFDS1044NDON	IGVFFI2177QZKT	/labs/ryan-corces/	unattempted			UNKNOWN
IGVFDS0361ODMN	IGVFFI1828ZVNR	/labs/ryan-corces/	unattempted			UNKNOWN
IGVFDS5966UKES	IGVFFI2218SHIM	/labs/ryan-corces/	unattempted			UNKNOWN
IGVFDS3820HJHU	IGVFFI7499MZAQ	/labs/ryan-corces/	unattempted			UNKNOWN
IGVFDS3725NTWY	IGVFFI0557PTNN	/labs/ali-mortazavi/	unattempted			completed
IGVFDS8929AFHI	IGVFFI1800VDKD	/labs/jason-buenrostro/	unattempted			completed
IGVFDS6306PZAT	IGVFFI7042ZUNE	/labs/ryan-corces/	unattempted			UNKNOWN
IGVFDS6870KLAL	IGVFFI1515PKCA	/labs/ali-mortazavi/	unattempted			completed
IGVFDS9554HYNZ	IGVFFI5478KGRP	/labs/ryan-corces/	unattempted			UNKNOWN
IGVFDS6926HODR	IGVFFI1821VYOA	/labs/ryan-corces/	unattempted			UNKNOWN
IGVFDS5225ELZI	IGVFFI0132SXPV	/labs/ali-mortazavi/	unattempted			completed
IGVFDS2500KKHV	IGVFFI8800HPNJ	/labs/ryan-corces/	unattempted			UNKNOWN
IGVFDS5496ZHDY	IGVFFI5503MOOM	/labs/ali-mortazavi/	unattempted			completed
IGVFDS1090FPRU	IGVFFI7264FWPI	/labs/ryan-corces/	unattempted			UNKNOWN
IGVFDS8030BIVA	IGVFFI5807NCKA	/labs/ryan-corces/	unattempted			UNKNOWN
IGVFDS4713NIPP	IGVFFI8948SZVA	/labs/ali-mortazavi/	unattempted			completed
IGVFDS9656GMYO	IGVFFI9686KLKQ	/labs/ryan-corces/	unattempted			UNKNOWN
IGVFDS3707DIGY	IGVFFI6207FMVF	/labs/ryan-corces/	unattempted			UNKNOWN
IGVFDS1295RDSY	IGVFFI2884FJCB	/labs/ryan-corces/	unattempted			UNKNOWN
IGVFDS9319ECRY	IGVFFI2501RPUJ	/labs/ali-mortazavi/	unattempted			completed
IGVFDS1293XBOC	IGVFFI5340JKXX	/labs/ali-mortazavi/	unattempted			completed
IGVFDS9555ZWLC	IGVFFI5607QYCL	/labs/ryan-corces/	unattempted			UNKNOWN
IGVFDS3572KAVM	IGVFFI3456EDEK	/labs/ryan-corces/	unattempted			UNKNOWN
IGVFDS5304JEXQ	IGVFFI8691CBXZ	/labs/ryan-corces/	unattempted			UNKNOWN
IGVFDS6220HCVN	IGVFFI0505OGYH	/labs/ali-mortazavi/	unattempted			completed
IGVFDS4224VGAO	IGVFFI1033POQH	/labs/ali-mortazavi/	unattempted			completed
IGVFDS4237KZUT	IGVFFI6939RRWL	/labs/ryan-corces/	unattempted			UNKNOWN
IGVFDS2277WHXN	IGVFFI8541HDYF	/labs/ali-mortazavi/	unattempted			completed
IGVFDS6998AIYP	IGVFFI0796QSIC	/labs/ryan-corces/	unattempted			UNKNOWN
IGVFDS7096ICDO	IGVFFI1014BVLX	/labs/ryan-corces/	unattempted			UNKNOWN
IGVFDS2539NZYI	IGVFFI3788SMJT	/labs/ali-mortazavi/	unattempted			completed
IGVFDS5536VNGS	IGVFFI9670KKIK	/labs/ryan-corces/	unattempted			UNKNOWN
IGVFDS7585LPQD	IGVFFI2776SWVD	/labs/ali-mortazavi/	unattempted			completed
IGVFDS3999ZMJH	IGVFFI1086WBNM	/labs/ryan-corces/	unattempted			UNKNOWN
IGVFDS9351TYGC	IGVFFI0584HSMJ	/labs/ali-mortazavi/	unattempted			completed
IGVFDS3768BBIN	IGVFFI7707SAYE	/labs/ali-mortazavi/	unattempted			completed
IGVFDS4715TXBC	IGVFFI8078TRAJ	/labs/ali-mortazavi/	unattempted			completed
IGVFDS1081SGNL	IGVFFI2376RHPH	/labs/ryan-corces/	unattempted			UNKNOWN
IGVFDS4678WOYX	IGVFFI4244VCWT	/labs/ryan-corces/	unattempted			UNKNOWN
IGVFDS7147LJJQ	IGVFFI1370JONQ	/labs/ryan-corces/	unattempted			UNKNOWN
IGVFDS3472XSRQ	IGVFFI8400GFSW	/labs/ryan-corces/	unattempted			UNKNOWN
IGVFDS0871QDLC	IGVFFI8056FOTP	/labs/ryan-corces/	unattempted			UNKNOWN
IGVFDS1518RYNR	IGVFFI8256ISZK	/labs/ryan-corces/	unattempted			UNKNOWN
IGVFDS9883QFZP	IGVFFI6650BAIE	/labs/ryan-corces/	unattempted			UNKNOWN
IGVFDS9307DWUK	IGVFFI7135CHEA	/labs/ryan-corces/	unattempted			UNKNOWN
IGVFDS6013PIAJ	IGVFFI1995BOYX	/labs/ryan-corces/	unattempted			UNKNOWN
IGVFDS5945SFSG	IGVFFI3971RJRC	/labs/ryan-corces/	unattempted			UNKNOWN
IGVFDS7350IMKI	IGVFFI4582DCCE	/labs/ryan-corces/	unattempted			UNKNOWN
IGVFDS5853ABAC	IGVFFI2806PCXO	/labs/ali-mortazavi/	unattempted			completed
IGVFDS1977LJKE	IGVFFI8702LAKR	/labs/ryan-corces/	unattempted			UNKNOWN
IGVFDS2320OKYL	IGVFFI3854TWTM	/labs/ryan-corces/	unattempted			UNKNOWN
IGVFDS0687NLHY	IGVFFI3967LLIN	/labs/ali-mortazavi/	unattempted			completed
IGVFDS3189BWIV	IGVFFI9977NGFG	/labs/ali-mortazavi/	unattempted			completed
IGVFDS6552IVYF	IGVFFI4123QROI	/labs/ryan-corces/	unattempted			UNKNOWN
IGVFDS4760LVHU	IGVFFI0425PCVE	/labs/ali-mortazavi/	unattempted			completed
IGVFDS3730UCWL	IGVFFI5547LVLT	/labs/ryan-corces/	unattempted			UNKNOWN
IGVFDS5251JPHG	IGVFFI9365FLHX	/labs/ali-mortazavi/	unattempted			completed
IGVFDS2321ADKF	IGVFFI5388WUXU	/labs/ryan-corces/	unattempted			UNKNOWN
IGVFDS3756KSXW	IGVFFI9761AQLR	/labs/ryan-corces/	unattempted			UNKNOWN
IGVFDS1433NWLO	IGVFFI7356OVPZ	/labs/ryan-corces/	unattempted			UNKNOWN
IGVFDS2630PUSN	IGVFFI6934SDDE	/labs/ryan-corces/	unattempted			UNKNOWN
IGVFDS8067AZTL	IGVFFI2510XSRD	/labs/ryan-corces/	unattempted			UNKNOWN
IGVFDS2282ZQUX	IGVFFI9339NIWI	/labs/ryan-corces/	unattempted			UNKNOWN
IGVFDS0869OLRR	IGVFFI5395GZBH	/labs/ryan-corces/	unattempted			UNKNOWN
IGVFDS4119MMWR	IGVFFI3493SRRE	/labs/jason-buenrostro/	unattempted			completed
IGVFDS3250EOTF	IGVFFI3933WVUG	/labs/ryan-corces/	unattempted			UNKNOWN
IGVFDS3005GKLB	IGVFFI7119NFZE	/labs/ryan-corces/	unattempted			UNKNOWN
IGVFDS8510MJAF	IGVFFI1685CHMJ	/labs/ryan-corces/	unattempted			UNKNOWN
IGVFDS2628XYNJ	IGVFFI6129JUOJ	/labs/ryan-corces/	unattempted			UNKNOWN
IGVFDS0462PLZO	IGVFFI1036BIOV	/labs/ryan-corces/	unattempted			UNKNOWN
IGVFDS8876TCJG	IGVFFI8269DVGS	/labs/ryan-corces/	unattempted			UNKNOWN
IGVFDS6022MCAP	IGVFFI0108PWOM	/labs/ryan-corces/	unattempted			UNKNOWN
IGVFDS2813LDJJ	IGVFFI5232UCFQ	/labs/ali-mortazavi/	unattempted			completed
IGVFDS4179LALN	IGVFFI3220PNMB	/labs/ryan-corces/	unattempted			UNKNOWN
IGVFDS2586FRCH	IGVFFI7710SIZC	/labs/ryan-corces/	unattempted			UNKNOWN
IGVFDS0048TKOA	IGVFFI7663DYYR	/labs/ryan-corces/	unattempted			UNKNOWN
IGVFDS1650AWKY	IGVFFI7177QDXV	/labs/ryan-corces/	unattempted			UNKNOWN
IGVFDS8962VDDM	IGVFFI3547TCKB	/labs/ryan-corces/	unattempted			UNKNOWN
IGVFDS8428QVAO	IGVFFI9453KGSC	/labs/ali-mortazavi/	needs-fix	2026-08-03T20:37:02.040767+00:00		completed
IGVFDS4655XOHU	IGVFFI1455ZGUT	/labs/ali-mortazavi/	unattempted			completed
IGVFDS0596KZJL	IGVFFI2040POJN	/labs/ryan-corces/	unattempted			UNKNOWN
IGVFDS4274LFOK	IGVFFI4972SQZL	/labs/ali-mortazavi/	unattempted			completed
IGVFDS5868AQSB	IGVFFI5563GEVI	/labs/ryan-corces/	unattempted			UNKNOWN
IGVFDS1927TLAC	IGVFFI2000GYNU	/labs/ryan-corces/	unattempted			UNKNOWN
IGVFDS5612XKPF	IGVFFI0101NYFS	/labs/ryan-corces/	unattempted			UNKNOWN
IGVFDS8506QHTN	IGVFFI7654GVWL	/labs/ryan-corces/	unattempted			UNKNOWN
IGVFDS2551AMDN	IGVFFI5868VKWR	/labs/ryan-corces/	unattempted			UNKNOWN
IGVFDS2523LAVH	IGVFFI8483CHRK	/labs/ali-mortazavi/	unattempted			completed
IGVFDS0799EOAI	IGVFFI0946QRNG	/labs/ryan-corces/	unattempted			UNKNOWN
IGVFDS5959GMBX	IGVFFI0832URED	/labs/ali-mortazavi/	unattempted			completed
IGVFDS7388ONZD	IGVFFI8795RASQ	/labs/ryan-corces/	unattempted			UNKNOWN
IGVFDS4721SZWW	IGVFFI9854POOQ	/labs/ali-mortazavi/	unattempted			completed
IGVFDS0495JEAM	IGVFFI7187BQFO	/labs/ali-mortazavi/	unattempted			completed
IGVFDS2622PKNT	IGVFFI5012OLHR	/labs/ryan-corces/	unattempted			UNKNOWN
IGVFDS2249OGMJ	IGVFFI6587IHVS	/labs/ryan-corces/	unattempted			UNKNOWN
IGVFDS9626NYVE	IGVFFI3888BUSV	/labs/ryan-corces/	unattempted			UNKNOWN
IGVFDS5580JDPW	IGVFFI2869NJZI	/labs/ryan-corces/	unattempted			UNKNOWN
IGVFDS4319GJHF	IGVFFI0151JEIJ	/labs/ali-mortazavi/	unattempted			completed
IGVFDS3116AJMV	IGVFFI6565ONIA	/labs/ryan-corces/	unattempted			UNKNOWN
IGVFDS5888FZLE	IGVFFI0825XOYV	/labs/ryan-corces/	unattempted			UNKNOWN
IGVFDS7676MKUO	IGVFFI2998SFXG	/labs/ryan-corces/	unattempted			UNKNOWN
IGVFDS8308OMNT	IGVFFI5500QQJW	/labs/ryan-corces/	unattempted			UNKNOWN
IGVFDS3848ZKHQ	IGVFFI5411XWAT	/labs/ryan-corces/	unattempted			UNKNOWN
IGVFDS6201VFWZ	IGVFFI4154IJJV	/labs/ryan-corces/	unattempted			UNKNOWN
IGVFDS8703MQOA	IGVFFI5605IRNO	/labs/ryan-corces/	unattempted			UNKNOWN
IGVFDS9023OAJT	IGVFFI1749IOIP	/labs/ali-mortazavi/	unattempted			completed
IGVFDS4362YWCJ	IGVFFI3962HTBH	/labs/ali-mortazavi/	unattempted			completed
IGVFDS7527KBXA	IGVFFI3384XWIU	/labs/ryan-corces/	unattempted			UNKNOWN
IGVFDS3528UZBB	IGVFFI0939WJCT	/labs/ryan-corces/	unattempted			UNKNOWN
IGVFDS5195GWHB	IGVFFI1688GVHV	/labs/ali-mortazavi/	unattempted			completed
IGVFDS2090HEVL	IGVFFI2631BPSG	/labs/ryan-corces/	unattempted			UNKNOWN
IGVFDS8028PLSQ	IGVFFI9425FKIO	/labs/ryan-corces/	unattempted			UNKNOWN
IGVFDS8985BRZO	IGVFFI4683VRHF	/labs/ali-mortazavi/	unattempted			completed
IGVFDS4460LMJI	IGVFFI3180VKDD	/labs/ryan-corces/	unattempted			UNKNOWN
IGVFDS6690VHEB	IGVFFI4863DKJB	/labs/ryan-corces/	unattempted			UNKNOWN
IGVFDS7741CMHL	IGVFFI9061TCON	/labs/ryan-corces/	unattempted			UNKNOWN
IGVFDS4010EDYG	IGVFFI6715URAU	/labs/ryan-corces/	unattempted			UNKNOWN
IGVFDS4958AVXP	IGVFFI8247AXWB	/labs/ryan-corces/	unattempted			UNKNOWN
IGVFDS9489UTHF	IGVFFI9531YTQM	/labs/ryan-corces/	unattempted			UNKNOWN
IGVFDS0890UXJD	IGVFFI9602KPHR	/labs/ali-mortazavi/	unattempted			completed
IGVFDS2196WMFA	IGVFFI7684UUNU	/labs/ryan-corces/	unattempted			UNKNOWN
IGVFDS3399QDGG	IGVFFI6857RJWB	/labs/jason-buenrostro/	unattempted			completed
IGVFDS6202YZSP	IGVFFI9462GMVH	/labs/jimmie-ye/	needs-fix	2026-06-20T18:32:13.995378+00:00		UNKNOWN
IGVFDS5851LHUQ	IGVFFI5132ETMH	/labs/ansuman-satpathy/	needs-fix	2026-06-04T00:47:35.196353+00:00	CL_id,cell_name,CL_term_name,analysis_set_accession,barcode_sample,subsample,cell_description	UNKNOWN
IGVFDS0826NQIY	IGVFFI9060FGBM	/labs/jason-buenrostro/	unattempted			completed
IGVFDS7602RWUO	IGVFFI7847AKCP	/labs/ryan-corces/	unattempted			UNKNOWN
IGVFDS2860EOJR	IGVFFI5518XIVO	/labs/ryan-corces/	unattempted			UNKNOWN
IGVFDS6214ILUX	IGVFFI0935LXCL	/labs/ryan-corces/	unattempted			UNKNOWN
IGVFDS0941XTMV	IGVFFI9969SUMI	/labs/ryan-corces/	unattempted			UNKNOWN
IGVFDS1398QNYM	IGVFFI3722CEQI	/labs/ryan-corces/	unattempted			UNKNOWN
IGVFDS8014GBWY	IGVFFI4932LJLD	/labs/ryan-corces/	unattempted			UNKNOWN
IGVFDS6450GKPC	IGVFFI6755PDWZ	/labs/ryan-corces/	unattempted			UNKNOWN
IGVFDS4334FYGG	IGVFFI5777SUBK	/labs/ali-mortazavi/	unattempted			completed
IGVFDS9737RGCR	IGVFFI4502VYOZ	/labs/ryan-corces/	unattempted			UNKNOWN
IGVFDS9172HIDP	IGVFFI9334KMRH	/labs/ryan-corces/	unattempted			UNKNOWN
IGVFDS9996PAXJ	IGVFFI1350WPAF	/labs/ryan-corces/	unattempted			UNKNOWN
IGVFDS0655HIUQ	IGVFFI6117VWCO	/labs/ryan-corces/	unattempted			UNKNOWN
IGVFDS6964ONRI	IGVFFI7175VNJQ	/labs/ryan-corces/	unattempted			UNKNOWN
IGVFDS6769YFHC	IGVFFI8345CCJJ	/labs/ryan-corces/	unattempted			UNKNOWN
IGVFDS3086HGWC	IGVFFI9510ARDG	/labs/ryan-corces/	unattempted			UNKNOWN
IGVFDS0832CGJG	IGVFFI0183EFVP	/labs/ali-mortazavi/	unattempted			completed
IGVFDS0838VDJL	IGVFFI7875QSQQ	/labs/ryan-corces/	unattempted			UNKNOWN
IGVFDS0843YOAA	IGVFFI3427RAOY	/labs/ali-mortazavi/	unattempted			completed
IGVFDS5179IFWU	IGVFFI4840XYKK	/labs/ryan-corces/	unattempted			UNKNOWN
IGVFDS6501PVZQ	IGVFFI0412JJWO	/labs/chongyuan-luo/	unattempted			UNKNOWN
IGVFDS2498KJEU	IGVFFI1824ZMRP	/labs/ryan-corces/	unattempted			UNKNOWN
IGVFDS8932PEQX	IGVFFI0943VPXW	/labs/ryan-corces/	unattempted			UNKNOWN
IGVFDS4424DTEF	IGVFFI0464TRFQ	/labs/ryan-corces/	unattempted			UNKNOWN
IGVFDS0442AENH	IGVFFI1908RCQV	/labs/ryan-corces/	unattempted			UNKNOWN
IGVFDS8631DFND	IGVFFI6409CNGB	/labs/ryan-corces/	unattempted			UNKNOWN
IGVFDS7394AAGD	IGVFFI8289BJRY	/labs/ryan-corces/	unattempted			UNKNOWN
IGVFDS8664PDWB	IGVFFI8889JCIP	/labs/ali-mortazavi/	unattempted			completed
IGVFDS8679RRIH	IGVFFI0906TLOU	/labs/ali-mortazavi/	unattempted			completed
IGVFDS8284BSZG	IGVFFI8414PKIF	/labs/ryan-corces/	unattempted			UNKNOWN
IGVFDS9791FRSA	IGVFFI4429RYUE	/labs/ali-mortazavi/	unattempted			completed
IGVFDS1501HOLD	IGVFFI5739KSXC	/labs/ali-mortazavi/	unattempted			completed
IGVFDS7954KJOR	IGVFFI0507HKYO	/labs/ryan-corces/	unattempted			UNKNOWN
IGVFDS4969YLBP	IGVFFI8489OAFA	/labs/ryan-corces/	unattempted			UNKNOWN
IGVFDS1730LSSC	IGVFFI4295JBDU	/labs/ali-mortazavi/	unattempted			completed
IGVFDS7117XBDB	IGVFFI5219JBPF	/labs/ryan-corces/	unattempted			UNKNOWN
IGVFDS9591BXBF	IGVFFI2845OJZK	/labs/ryan-corces/	unattempted			UNKNOWN
IGVFDS0725VPPY	IGVFFI0974CAJC	/labs/ryan-corces/	unattempted			UNKNOWN
IGVFDS1495PLMC	IGVFFI6442FUPF	/labs/ali-mortazavi/	unattempted			completed
IGVFDS1546BNRN	IGVFFI4734MDDU	/labs/ryan-corces/	unattempted			UNKNOWN
IGVFDS4299TLCR	IGVFFI6581APAR	/labs/ryan-corces/	unattempted			UNKNOWN
IGVFDS4400TRDW	IGVFFI9717SCIO	/labs/ryan-corces/	unattempted			UNKNOWN
IGVFDS5648JDXU	IGVFFI4433PAYQ	/labs/ryan-corces/	unattempted			UNKNOWN
IGVFDS4713UBOF	IGVFFI5493OTGP	/labs/ali-mortazavi/	unattempted			completed
IGVFDS0099OALZ	IGVFFI5686LHZR	/labs/ryan-corces/	unattempted			UNKNOWN
IGVFDS2562ANNT	IGVFFI8894EDFV	/labs/ryan-corces/	unattempted			UNKNOWN
IGVFDS6036IADA	IGVFFI4158VPUZ	/labs/ryan-corces/	unattempted			UNKNOWN
IGVFDS3131IIRZ	IGVFFI1185WGUN	/labs/ryan-corces/	unattempted			UNKNOWN
IGVFDS0677TKYF	IGVFFI7646DTBS	/labs/ryan-corces/	unattempted			UNKNOWN
IGVFDS2450ZHAQ	IGVFFI8203AGOJ	/labs/ali-mortazavi/	unattempted			completed
IGVFDS6484FJCD	IGVFFI9426BSPP	/labs/ryan-corces/	unattempted			UNKNOWN
IGVFDS3445MTOM	IGVFFI9318XOBL	/labs/jesse-engreitz/	unattempted			completed
IGVFDS3991XZSR	IGVFFI3472OHMA	/labs/ryan-corces/	unattempted			UNKNOWN
IGVFDS2782FHBR	IGVFFI5426YRYL	/labs/ryan-corces/	unattempted			UNKNOWN
IGVFDS6345NGBL	IGVFFI0954PHHW	/labs/ryan-corces/	unattempted			UNKNOWN
IGVFDS7330WOFO	IGVFFI4619XPFH	/labs/jason-buenrostro/	unattempted			completed
IGVFDS7050RHRB	IGVFFI2668SUXN	/labs/ryan-corces/	unattempted			UNKNOWN
IGVFDS9549VQYG	IGVFFI8730JOIQ	/labs/ryan-corces/	unattempted			UNKNOWN
IGVFDS5290JWXG	IGVFFI9144HWYJ	/labs/ryan-corces/	unattempted			UNKNOWN
IGVFDS4185HTAO	IGVFFI3534MQXL	/labs/ryan-corces/	unattempted			UNKNOWN
IGVFDS0688NDGX	IGVFFI3011CSFG	/labs/ryan-corces/	unattempted			UNKNOWN
IGVFDS9624GIZZ	IGVFFI1617FDGM	/labs/ali-mortazavi/	unattempted			completed
IGVFDS4707ZDSK	IGVFFI3433TJJX	/labs/ryan-corces/	unattempted			UNKNOWN
IGVFDS8313RPAJ	IGVFFI6460ZHGN	/labs/ryan-corces/	unattempted			UNKNOWN
IGVFDS7652YKUQ	IGVFFI3101VLOF	/labs/ryan-corces/	unattempted			UNKNOWN
IGVFDS7649BWJN	IGVFFI1404QZCM	/labs/ryan-corces/	unattempted			UNKNOWN
IGVFDS9470JUYF	IGVFFI3152IHQH	/labs/ryan-corces/	unattempted			UNKNOWN
IGVFDS0953PRDB	IGVFFI0791VOYB	/labs/ali-mortazavi/	unattempted			completed
IGVFDS0261TPLA	IGVFFI1169VNPM	/labs/ryan-corces/	unattempted			UNKNOWN
IGVFDS5588PLKA	IGVFFI6915NVCV	/labs/ryan-corces/	unattempted			UNKNOWN
IGVFDS0468XKCE	IGVFFI8374BSWS	/labs/ryan-corces/	unattempted			UNKNOWN
IGVFDS4426EZJG	IGVFFI0937RKIA	/labs/ryan-corces/	unattempted			UNKNOWN
IGVFDS1131GDMT	IGVFFI5517ZBKG	/labs/ryan-corces/	unattempted			UNKNOWN
IGVFDS4376TQQX	IGVFFI9017WXEI	/labs/ryan-corces/	unattempted			UNKNOWN
IGVFDS5961SWHA	IGVFFI2134DIAI	/labs/ryan-corces/	unattempted			UNKNOWN
IGVFDS6828VAEO	IGVFFI5186LIQM	/labs/ryan-corces/	unattempted			UNKNOWN
IGVFDS2762JPHF	IGVFFI8225LAIX	/labs/ryan-corces/	unattempted			UNKNOWN
IGVFDS1209KKHX	IGVFFI4557XGPF	/labs/ali-mortazavi/	unattempted			completed
IGVFDS6501OIZO	IGVFFI6233PZWG	/labs/ali-mortazavi/	unattempted			completed
IGVFDS9276LBVW	IGVFFI5683TKPH	/labs/ryan-corces/	unattempted			UNKNOWN
IGVFDS2172AOPC	IGVFFI5150LLUD	/labs/ryan-corces/	unattempted			UNKNOWN
IGVFDS0851IWEB	IGVFFI7146XCXX	/labs/ryan-corces/	unattempted			UNKNOWN
IGVFDS4739QALL	IGVFFI7719SPEA	/labs/ryan-corces/	unattempted			UNKNOWN
IGVFDS1064JSRH	IGVFFI2781QAFF	/labs/ryan-corces/	unattempted			UNKNOWN
IGVFDS9933UDJN	IGVFFI5341BPTI	/labs/ryan-corces/	unattempted			UNKNOWN
IGVFDS6280KIVA	IGVFFI0759JTKN	/labs/ryan-corces/	unattempted			UNKNOWN
IGVFDS8174FSXH	IGVFFI7485ERZM	/labs/jason-buenrostro/	unattempted			completed
IGVFDS5488YGXE	IGVFFI8179EDFQ	/labs/ryan-corces/	unattempted			UNKNOWN
IGVFDS5760ZMWL	IGVFFI5357HGYQ	/labs/ali-mortazavi/	unattempted			completed
IGVFDS9447PBBD	IGVFFI1093WAJU	/labs/ryan-corces/	unattempted			UNKNOWN
IGVFDS8776CRLZ	IGVFFI9843ZJHR	/labs/ryan-corces/	unattempted			UNKNOWN
IGVFDS4185XACJ	IGVFFI7755ORZY	/labs/ali-mortazavi/	unattempted			completed
IGVFDS2465XWJF	IGVFFI1455NDVA	/labs/ryan-corces/	unattempted			UNKNOWN
IGVFDS1913IIAD	IGVFFI5203PCSO	/labs/ryan-corces/	unattempted			UNKNOWN
IGVFDS0722WCUS	IGVFFI9065ZFBU	/labs/ali-mortazavi/	unattempted			completed
IGVFDS9684QWSE	IGVFFI3485ZBTK	/labs/ryan-corces/	unattempted			UNKNOWN
IGVFDS5818WYIU	IGVFFI3576HAGF	/labs/ryan-corces/	unattempted			UNKNOWN
IGVFDS6414KGUV	IGVFFI1380BWBQ	/labs/ryan-corces/	unattempted			UNKNOWN
IGVFDS7903GNUD	IGVFFI5993EHKJ	/labs/ryan-corces/	unattempted			UNKNOWN
IGVFDS0088FEZR	IGVFFI2843RNPP	/labs/ryan-corces/	unattempted			UNKNOWN
IGVFDS0794TMRD	IGVFFI1454UDSO	/labs/ryan-corces/	unattempted			UNKNOWN
IGVFDS9372LGPH	IGVFFI2871FFUE	/labs/ryan-corces/	unattempted			UNKNOWN
IGVFDS9195EERV	IGVFFI4431UQIH	/labs/ryan-corces/	unattempted			UNKNOWN
IGVFDS4516EYLX	IGVFFI9669KOQH	/labs/ryan-corces/	unattempted			UNKNOWN
IGVFDS1530PKPA	IGVFFI8383GRZQ	/labs/ryan-corces/	unattempted			UNKNOWN
IGVFDS9375SQCQ	IGVFFI6664XGXD	/labs/ryan-corces/	unattempted			UNKNOWN
IGVFDS6966DACX	IGVFFI2137UZQB	/labs/ryan-corces/	unattempted			UNKNOWN
IGVFDS4908XEQA	IGVFFI1138ZPBC	/labs/ali-mortazavi/	unattempted			completed
IGVFDS7070WFGD	IGVFFI6355YJVR	/labs/ryan-corces/	unattempted			UNKNOWN
IGVFDS6834EVUH	IGVFFI1279ORAR	/labs/ryan-corces/	unattempted			UNKNOWN
IGVFDS8745ONCC	IGVFFI5099GHCL	/labs/ryan-corces/	unattempted			UNKNOWN
IGVFDS1015PGGG	IGVFFI5637RZRL	/labs/ryan-corces/	unattempted			UNKNOWN
IGVFDS2636XAKI	IGVFFI8987MALG	/labs/ali-mortazavi/	unattempted			completed
IGVFDS1633HOAU	IGVFFI3031LXLZ	/labs/ryan-corces/	unattempted			UNKNOWN
IGVFDS9023QRVI	IGVFFI2127EEYP	/labs/ryan-corces/	unattempted			UNKNOWN
IGVFDS4316HOZV	IGVFFI4599YHOF	/labs/ryan-corces/	unattempted			UNKNOWN
IGVFDS0109TFKZ	IGVFFI7581UUCQ	/labs/ryan-corces/	unattempted			UNKNOWN
IGVFDS4347SPHX	IGVFFI2863TDON	/labs/ansuman-satpathy/	unattempted		CL_term_name,barcode_sample,CL_id,cell_description,analysis_set_accession,subsample,cell_name	UNKNOWN
IGVFDS9022BLZY	IGVFFI9768HSJR	/labs/jason-buenrostro/	unattempted			completed
IGVFDS1006NQJC	IGVFFI3365KXBD	/labs/ryan-corces/	unattempted			UNKNOWN
IGVFDS8095TDQB	IGVFFI1672LKWA	/labs/ali-mortazavi/	unattempted			completed
IGVFDS7962XGQJ	IGVFFI5895FGNF	/labs/ryan-corces/	unattempted			UNKNOWN
IGVFDS0154BIKQ	IGVFFI6827JFEB	/labs/ryan-corces/	unattempted			UNKNOWN
IGVFDS9286LRBP	IGVFFI2649QPUE	/labs/ryan-corces/	unattempted			UNKNOWN
IGVFDS0810FVPB	IGVFFI0086PVVZ	/labs/ryan-corces/	unattempted			UNKNOWN
IGVFDS1061GPUF	IGVFFI5485FPAH	/labs/ali-mortazavi/	unattempted			completed
IGVFDS4835ABKV	IGVFFI6798UFLA	/labs/ryan-corces/	unattempted			UNKNOWN
IGVFDS5352PEFK	IGVFFI4007WVDJ	/labs/ryan-corces/	unattempted			UNKNOWN
IGVFDS0154HNUP	IGVFFI1063DPQO	/labs/ryan-corces/	unattempted			UNKNOWN
IGVFDS7836CLIA	IGVFFI7377KUZL	/labs/ryan-corces/	unattempted			UNKNOWN
IGVFDS8139TZIS	IGVFFI8088CKKJ	/labs/ali-mortazavi/	unattempted			completed
IGVFDS7599TSJF	IGVFFI5930EVHT	/labs/ryan-corces/	unattempted			UNKNOWN
IGVFDS6501SEAI	IGVFFI1382TQLC	/labs/ryan-corces/	unattempted			UNKNOWN
IGVFDS6106MOQB	IGVFFI1417AMRJ	/labs/ryan-corces/	unattempted			UNKNOWN
IGVFDS0071GFSA	IGVFFI6998NCDE	/labs/ryan-corces/	unattempted			UNKNOWN
IGVFDS9888XXXI	IGVFFI5405SJIU	/labs/ryan-corces/	unattempted			UNKNOWN
IGVFDS1544MDNE	IGVFFI6419KYJU	/labs/ryan-corces/	unattempted			UNKNOWN
IGVFDS4083FKID	IGVFFI5136LRKW	/labs/ryan-corces/	unattempted			UNKNOWN
IGVFDS9775NUEN	IGVFFI0174WDFV	/labs/ryan-corces/	unattempted			UNKNOWN
IGVFDS1122PPCC	IGVFFI2436ULOA	/labs/ryan-corces/	unattempted			UNKNOWN
IGVFDS1899SHEL	IGVFFI9853AIYL	/labs/ryan-corces/	unattempted			UNKNOWN
IGVFDS0526KRNV	IGVFFI9667NWTL	/labs/ryan-corces/	unattempted			UNKNOWN
IGVFDS1518MUJH	IGVFFI8473NMFH	/labs/ryan-corces/	unattempted			UNKNOWN
IGVFDS8532LBNX	IGVFFI6638BAHS	/labs/ali-mortazavi/	unattempted			completed
IGVFDS0121KBOX	IGVFFI3086TJOG	/labs/ryan-corces/	unattempted			UNKNOWN
IGVFDS8835SQQJ	IGVFFI0458LJIU	/labs/ryan-corces/	unattempted			UNKNOWN
IGVFDS4570XBEK	IGVFFI7610RASW	/labs/ryan-corces/	unattempted			UNKNOWN
IGVFDS4370FAHZ	IGVFFI8925NIUN	/labs/ryan-corces/	unattempted			UNKNOWN
IGVFDS7680FJEM	IGVFFI2100ZUBM	/labs/ryan-corces/	unattempted			UNKNOWN
IGVFDS2143FTYR	IGVFFI0790HWXN	/labs/ryan-corces/	unattempted			UNKNOWN
IGVFDS1270PJIB	IGVFFI3533QMSK	/labs/ryan-corces/	unattempted			UNKNOWN
IGVFDS2302NARW	IGVFFI9964FJGY	/labs/ryan-corces/	unattempted			UNKNOWN
IGVFDS3168DBXA	IGVFFI7613CVFH	/labs/ryan-corces/	unattempted			UNKNOWN
IGVFDS3060VRFA	IGVFFI0105JONP	/labs/ryan-corces/	unattempted			UNKNOWN
IGVFDS6622ZPRU	IGVFFI9900JUPX	/labs/ryan-corces/	unattempted			UNKNOWN
IGVFDS6682QBND	IGVFFI7068OTWF	/labs/ryan-corces/	unattempted			UNKNOWN
IGVFDS6956CSWY	IGVFFI5937SIKO	/labs/ryan-corces/	unattempted			UNKNOWN
IGVFDS8954IEHD	IGVFFI1010SVHY	/labs/ryan-corces/	unattempted			UNKNOWN
IGVFDS9417FGCZ	IGVFFI7153QWNX	/labs/ryan-corces/	unattempted			UNKNOWN
IGVFDS5515GWMX	IGVFFI7422PBOW	/labs/ali-mortazavi/	unattempted			completed
IGVFDS9199PBFG	IGVFFI6441XLMP	/labs/ryan-corces/	unattempted			UNKNOWN
IGVFDS5666SPIN	IGVFFI4741CHST	/labs/ali-mortazavi/	unattempted			completed
IGVFDS5614JDCY	IGVFFI0088UWTK	/labs/ali-mortazavi/	unattempted			completed
IGVFDS1446QZIP	IGVFFI7878KPKR	/labs/ali-mortazavi/	unattempted			completed
IGVFDS2410DCPY	IGVFFI9041RQNK	/labs/ryan-corces/	unattempted			UNKNOWN
IGVFDS2537ZAOF	IGVFFI4676NPUS	/labs/ali-mortazavi/	unattempted			completed
IGVFDS2377UEYS	IGVFFI8718KXCT	/labs/ryan-corces/	unattempted			UNKNOWN
IGVFDS0343RDVU	IGVFFI3620SSBD	/labs/ryan-corces/	unattempted			UNKNOWN
IGVFDS7801FQXN	IGVFFI6751EXGM	/labs/ryan-corces/	unattempted			UNKNOWN
IGVFDS3836YOFB	IGVFFI0785NLFV	/labs/ali-mortazavi/	unattempted			completed
IGVFDS1893BMIQ	IGVFFI7475WWKF	/labs/ryan-corces/	unattempted			UNKNOWN
IGVFDS5263DMKF	IGVFFI9497JYAX	/labs/ryan-corces/	unattempted			UNKNOWN
IGVFDS7709PWIS	IGVFFI5294AUGD	/labs/ryan-corces/	unattempted			UNKNOWN
IGVFDS4961INDX	IGVFFI2230OZOK	/labs/ryan-corces/	unattempted			UNKNOWN
IGVFDS4974YMYW	IGVFFI7145FLQX	/labs/ryan-corces/	unattempted			UNKNOWN
IGVFDS0644ENRN	IGVFFI4241HUYE	/labs/ryan-corces/	unattempted			UNKNOWN
IGVFDS8489ICRE	IGVFFI1372ADAK	/labs/ryan-corces/	unattempted			UNKNOWN
IGVFDS8357FKCW	IGVFFI5464YINS	/labs/ryan-corces/	unattempted			UNKNOWN
IGVFDS6589LCGR	IGVFFI5103WZVZ	/labs/ryan-corces/	unattempted			UNKNOWN
IGVFDS3787YYPM	IGVFFI1620YVHB	/labs/ryan-corces/	unattempted			UNKNOWN
IGVFDS4755SCKN	IGVFFI6253PPDI	/labs/ali-mortazavi/	unattempted			completed
IGVFDS5177IGQC	IGVFFI8146CMZD	/labs/ryan-corces/	unattempted			UNKNOWN
IGVFDS3346LOEG	IGVFFI2735IEBA	/labs/jason-buenrostro/	unattempted			completed
IGVFDS7935FCEI	IGVFFI4605TYNS	/labs/ryan-corces/	unattempted			UNKNOWN
IGVFDS7077YVBP	IGVFFI5676SIEX	/labs/ryan-corces/	unattempted			UNKNOWN
IGVFDS9947FPYX	IGVFFI4847QWTB	/labs/jason-buenrostro/	unattempted			completed
IGVFDS8008DWXX	IGVFFI2896XYOK	/labs/ryan-corces/	unattempted			UNKNOWN
IGVFDS8133WRVN	IGVFFI4850PJDX	/labs/ryan-corces/	unattempted			UNKNOWN
IGVFDS4038IPZE	IGVFFI1052YIUO	/labs/ryan-corces/	unattempted			UNKNOWN
IGVFDS7473DPIM	IGVFFI4496AFML	/labs/ryan-corces/	unattempted			UNKNOWN
IGVFDS9491JIVN	IGVFFI5917PQTM	/labs/ryan-corces/	unattempted			UNKNOWN
IGVFDS5333KNQQ	IGVFFI4450AYQK	/labs/ryan-corces/	unattempted			UNKNOWN
IGVFDS3732HROS	IGVFFI3227SOFG	/labs/ryan-corces/	unattempted			UNKNOWN
IGVFDS7738MVNG	IGVFFI8764MRKB	/labs/ryan-corces/	unattempted			UNKNOWN
IGVFDS6484RTKD	IGVFFI0025ADES	/labs/ryan-corces/	unattempted			UNKNOWN
IGVFDS3780RTNC	IGVFFI9225WVNP	/labs/jason-buenrostro/	unattempted			completed
IGVFDS7895FOSJ	IGVFFI6030TBHD	/labs/ryan-corces/	unattempted			UNKNOWN
IGVFDS6205KMSE	IGVFFI2345XFOX	/labs/ali-mortazavi/	unattempted			completed
IGVFDS3315ODUG	IGVFFI4840SFCB	/labs/ryan-corces/	unattempted			UNKNOWN
IGVFDS0256LTNF	IGVFFI0321IQXA	/labs/ali-mortazavi/	unattempted			completed
IGVFDS2579QMKT	IGVFFI2591OEPO	/labs/ali-mortazavi/	unattempted			completed
IGVFDS5355LIJC	IGVFFI3136QIIG	/labs/ryan-corces/	unattempted			UNKNOWN
IGVFDS0498CPWN	IGVFFI9416FRDE	/labs/ryan-corces/	unattempted			UNKNOWN
IGVFDS4391FPLK	IGVFFI7461KZWG	/labs/ryan-corces/	unattempted			UNKNOWN
IGVFDS4251SZYJ	IGVFFI7507NRSL	/labs/ryan-corces/	unattempted			UNKNOWN
IGVFDS4756TODZ	IGVFFI4666FNII	/labs/ryan-corces/	unattempted			UNKNOWN
IGVFDS1019KLEY	IGVFFI5014OHAC	/labs/ryan-corces/	unattempted			UNKNOWN
IGVFDS2469FMAO	IGVFFI8552YOUA	/labs/ali-mortazavi/	unattempted			completed
IGVFDS1137BCJP	IGVFFI9061AEKE	/labs/ryan-corces/	unattempted			UNKNOWN
IGVFDS9833RSIF	IGVFFI9742BNIW	/labs/ryan-corces/	unattempted			UNKNOWN
IGVFDS6400WPQY	IGVFFI4658BSYM	/labs/ryan-corces/	unattempted			UNKNOWN
IGVFDS2049YIDF	IGVFFI0466ZUPE	/labs/ali-mortazavi/	unattempted			completed
IGVFDS9039ZRHF	IGVFFI2827JSBW	/labs/ryan-corces/	unattempted			UNKNOWN
IGVFDS1592XPWO	IGVFFI0187UUVZ	/labs/ryan-corces/	unattempted			UNKNOWN
IGVFDS2779HVGS	IGVFFI3905EMOC	/labs/ryan-corces/	unattempted			UNKNOWN
IGVFDS5446ULRA	IGVFFI4073ACTC	/labs/ryan-corces/	unattempted			UNKNOWN
IGVFDS1808ARJQ	IGVFFI7661NQPH	/labs/ryan-corces/	unattempted			UNKNOWN
IGVFDS8947EZTK	IGVFFI2018HEPY	/labs/ryan-corces/	unattempted			UNKNOWN
IGVFDS3085YKVX	IGVFFI7202VAQJ	/labs/ryan-corces/	unattempted			UNKNOWN
IGVFDS9928LHHT	IGVFFI5223LGJH	/labs/ryan-corces/	unattempted			UNKNOWN
IGVFDS9048WWSG	IGVFFI5404QHES	/labs/ryan-corces/	unattempted			UNKNOWN
IGVFDS7883LNRR	IGVFFI1777IGUI	/labs/ryan-corces/	unattempted			UNKNOWN
IGVFDS8480IPLY	IGVFFI2425CVJH	/labs/ryan-corces/	unattempted			UNKNOWN
IGVFDS0782DWAY	IGVFFI6431EMSL	/labs/jason-buenrostro/	unattempted			completed
IGVFDS6385TFIX	IGVFFI3333BBYE	/labs/ryan-corces/	unattempted			UNKNOWN
IGVFDS4493HOME	IGVFFI7149MPXP	/labs/ryan-corces/	unattempted			UNKNOWN
IGVFDS2200TMPU	IGVFFI8850SBTE	/labs/jason-buenrostro/	unattempted			completed
IGVFDS3383UUHZ	IGVFFI5773GTNO	/labs/ryan-corces/	unattempted			UNKNOWN
IGVFDS1859CUSH	IGVFFI0744IVPM	/labs/ryan-corces/	unattempted			UNKNOWN
IGVFDS5019QFQI	IGVFFI9198EETC	/labs/ryan-corces/	unattempted			UNKNOWN
IGVFDS6216DTRF	IGVFFI5765JHIJ	/labs/ryan-corces/	unattempted			UNKNOWN
IGVFDS8728MBEJ	IGVFFI3076IUBB	/labs/ryan-corces/	unattempted			UNKNOWN
IGVFDS8004ZFOL	IGVFFI9980PISA	/labs/chongyuan-luo/	needs-fix	2026-07-23T21:34:58.808189+00:00		UNKNOWN
IGVFDS4983GXBJ	IGVFFI3970KQDZ	/labs/ryan-corces/	unattempted			UNKNOWN
IGVFDS2398CZTM	IGVFFI8209PCMG	/labs/ryan-corces/	unattempted			UNKNOWN
IGVFDS7068KUMA	IGVFFI7592BWPG	/labs/ryan-corces/	unattempted			UNKNOWN
IGVFDS4242WBLT	IGVFFI6466DAEC	/labs/ryan-corces/	unattempted			UNKNOWN
IGVFDS1071UWFP	IGVFFI6868XXMA	/labs/ryan-corces/	unattempted			UNKNOWN
IGVFDS2775DPJZ	IGVFFI9229DBHO	/labs/ryan-corces/	unattempted			UNKNOWN
IGVFDS5103TNIY	IGVFFI6600IOQE	/labs/ryan-corces/	unattempted			UNKNOWN
IGVFDS5599FIAR	IGVFFI3542BXLY	/labs/ryan-corces/	unattempted			UNKNOWN
IGVFDS7937UMYC	IGVFFI5830GDVM	/labs/ryan-corces/	unattempted			UNKNOWN
IGVFDS6888JLIE	IGVFFI2260UPCE	/labs/ryan-corces/	unattempted			UNKNOWN
IGVFDS1405XLCL	IGVFFI3209ZNKC	/labs/ryan-corces/	unattempted			UNKNOWN
IGVFDS4445ANAH	IGVFFI8359KUDE	/labs/ryan-corces/	unattempted			UNKNOWN
IGVFDS4427HXFH	IGVFFI6241IRKG	/labs/jason-buenrostro/	unattempted			completed
IGVFDS4695AXFV	IGVFFI1785RREY	/labs/ryan-corces/	unattempted			UNKNOWN
IGVFDS3057AJIK	IGVFFI8186VQVH	/labs/ryan-corces/	unattempted			UNKNOWN
IGVFDS3972AODZ	IGVFFI6445IKJQ	/labs/ryan-corces/	unattempted			UNKNOWN
IGVFDS3563QSIM	IGVFFI6260OZAO	/labs/ali-mortazavi/	unattempted			completed
IGVFDS4000IHRJ	IGVFFI8673TRVU	/labs/ansuman-satpathy/	needs-fix	2026-06-04T00:49:44.301426+00:00	analysis_set_accession,cell_name,barcode_sample,cell_description,CL_id,CL_term_name,subsample	UNKNOWN
IGVFDS4722QMSI	IGVFFI9259JJXQ	/labs/ali-mortazavi/	unattempted			completed
IGVFDS8318NMCV	IGVFFI2305MBSF	/labs/ryan-corces/	unattempted			UNKNOWN
IGVFDS5351TUGJ	IGVFFI6544EVCU	/labs/ryan-corces/	unattempted			UNKNOWN
IGVFDS1527SWJA	IGVFFI4659SHTM	/labs/ryan-corces/	unattempted			UNKNOWN
IGVFDS9157UXXX	IGVFFI7272AUVW	/labs/ali-mortazavi/	unattempted			completed
IGVFDS5428QBGH	IGVFFI1126LSWR	/labs/ryan-corces/	unattempted			UNKNOWN
IGVFDS8453BERP	IGVFFI5665REUA	/labs/ryan-corces/	unattempted			UNKNOWN
IGVFDS8380XBVO	IGVFFI3959LZHC	/labs/ryan-corces/	unattempted			UNKNOWN
IGVFDS8098GKBD	IGVFFI5281KHEP	/labs/ryan-corces/	unattempted			UNKNOWN
IGVFDS4421YGAV	IGVFFI4827DMXZ	/labs/ryan-corces/	unattempted			UNKNOWN
IGVFDS6404EKRF	IGVFFI2869HOSB	/labs/ali-mortazavi/	unattempted			completed
IGVFDS4735NLRP	IGVFFI4520IAAE	/labs/ryan-corces/	unattempted			UNKNOWN
IGVFDS8944OUDV	IGVFFI0255SSPJ	/labs/ryan-corces/	unattempted			UNKNOWN
IGVFDS4690USWU	IGVFFI5526ASOU	/labs/ryan-corces/	unattempted			UNKNOWN
IGVFDS7027WVTT	IGVFFI2431CKWD	/labs/ryan-corces/	unattempted			UNKNOWN
IGVFDS7616PJVG	IGVFFI8705OKXD	/labs/ali-mortazavi/	unattempted			completed
IGVFDS8352RANE	IGVFFI4381NBQI	/labs/ryan-corces/	unattempted			UNKNOWN
IGVFDS7374IVYB	IGVFFI3276ROJA	/labs/ryan-corces/	unattempted			UNKNOWN
IGVFDS9228IJBF	IGVFFI2384QZIY	/labs/ryan-corces/	unattempted			UNKNOWN
IGVFDS1246DMCV	IGVFFI7007XDLW	/labs/ryan-corces/	unattempted			UNKNOWN
IGVFDS5954MIBK	IGVFFI8051UGLS	/labs/ryan-corces/	unattempted			UNKNOWN
IGVFDS3581CBEF	IGVFFI6564QOQB	/labs/ryan-corces/	unattempted			UNKNOWN
IGVFDS0954OHXE	IGVFFI0915NFLO	/labs/ali-mortazavi/	unattempted			completed
IGVFDS7588SQTY	IGVFFI4104GNCG	/labs/ryan-corces/	unattempted			UNKNOWN
IGVFDS6247BVBP	IGVFFI2201WOFI	/labs/ryan-corces/	unattempted			UNKNOWN
IGVFDS4303RPZF	IGVFFI6817DLIZ	/labs/ali-mortazavi/	unattempted			completed
IGVFDS3176DBID	IGVFFI7416UBLF	/labs/ryan-corces/	unattempted			UNKNOWN
IGVFDS9290BRSI	IGVFFI9646NYAF	/labs/ryan-corces/	unattempted			UNKNOWN
IGVFDS2933RFLT	IGVFFI2813IFHC	/labs/ali-mortazavi/	unattempted			completed
IGVFDS3782IPFH	IGVFFI4921SJXF	/labs/ryan-corces/	unattempted			UNKNOWN
IGVFDS0668ISIK	IGVFFI1676QJNH	/labs/ryan-corces/	unattempted			UNKNOWN
IGVFDS0963IYBY	IGVFFI9496WTLP	/labs/ryan-corces/	unattempted			UNKNOWN
IGVFDS5069DLNM	IGVFFI0373ECUZ	/labs/ryan-corces/	unattempted			UNKNOWN
IGVFDS4089KURF	IGVFFI3621TYNK	/labs/ryan-corces/	unattempted			UNKNOWN
IGVFDS6848RSCK	IGVFFI4750ZJVP	/labs/ali-mortazavi/	unattempted			completed
IGVFDS2031FTDI	IGVFFI8939IGNL	/labs/ryan-corces/	unattempted			UNKNOWN
IGVFDS2875ZVKG	IGVFFI1360JPHP	/labs/ryan-corces/	unattempted			UNKNOWN
IGVFDS3874CJLE	IGVFFI6322YUNB	/labs/ryan-corces/	unattempted			UNKNOWN
IGVFDS2262TISG	IGVFFI4435DFDQ	/labs/ali-mortazavi/	unattempted			completed
IGVFDS5254UJSE	IGVFFI7454BFUU	/labs/ryan-corces/	unattempted			UNKNOWN
IGVFDS5239BBYP	IGVFFI8576MSQK	/labs/ryan-corces/	unattempted			UNKNOWN
IGVFDS7013XXYV	IGVFFI3649PZZK	/labs/ryan-corces/	unattempted			UNKNOWN
IGVFDS7328ATKJ	IGVFFI0702YHNL	/labs/ryan-corces/	unattempted			UNKNOWN
IGVFDS8979PIKN	IGVFFI8891IIIT	/labs/ryan-corces/	unattempted			UNKNOWN
IGVFDS7511XKGI	IGVFFI6693KTOT	/labs/ryan-corces/	unattempted			UNKNOWN
IGVFDS8696PNOL	IGVFFI2265WQDF	/labs/ryan-corces/	unattempted			UNKNOWN
IGVFDS3113DGGO	IGVFFI7430QUGW	/labs/ryan-corces/	unattempted			UNKNOWN
IGVFDS7982REFS	IGVFFI5411LLSI	/labs/ali-mortazavi/	unattempted			completed
IGVFDS4418YZUB	IGVFFI2859RUEV	/labs/ryan-corces/	unattempted			UNKNOWN
IGVFDS5676URVS	IGVFFI3108REBZ	/labs/ryan-corces/	unattempted			UNKNOWN
IGVFDS4348TWEY	IGVFFI4136FQFT	/labs/ryan-corces/	unattempted			UNKNOWN
IGVFDS7541LAHC	IGVFFI7967DCIZ	/labs/ali-mortazavi/	unattempted			completed
IGVFDS6714CMFU	IGVFFI1607TNDS	/labs/ali-mortazavi/	unattempted			completed
IGVFDS4588PNVL	IGVFFI9737NPVV	/labs/ryan-corces/	unattempted			UNKNOWN
IGVFDS9593VPOR	IGVFFI0611THYU	/labs/ryan-corces/	unattempted			UNKNOWN
IGVFDS6500JGQY	IGVFFI7437CLZH	/labs/ryan-corces/	unattempted			UNKNOWN
IGVFDS8861TWPY	IGVFFI3269USVY	/labs/ryan-corces/	unattempted			UNKNOWN
IGVFDS6440IDNJ	IGVFFI0730PBPM	/labs/ryan-corces/	unattempted			UNKNOWN
IGVFDS4904HVFK	IGVFFI7012ZLYT	/labs/jason-buenrostro/	unattempted			completed
IGVFDS8383YFBB	IGVFFI8950MPAJ	/labs/ali-mortazavi/	unattempted			completed
IGVFDS9715XMMA	IGVFFI7838QHUP	/labs/ali-mortazavi/	unattempted			completed
IGVFDS4690TVLW	IGVFFI3366HZGN	/labs/ryan-corces/	unattempted			UNKNOWN
IGVFDS0921GLRT	IGVFFI6091QLQK	/labs/ryan-corces/	unattempted			UNKNOWN
IGVFDS5278IBSB	IGVFFI1742UOPD	/labs/jason-buenrostro/	unattempted			completed
IGVFDS3697ROUR	IGVFFI4924LILH	/labs/ali-mortazavi/	unattempted			completed
IGVFDS3516BLFN	IGVFFI9890FTUA	/labs/ryan-corces/	unattempted			UNKNOWN
IGVFDS2828UPFV	IGVFFI7844SDDS	/labs/ryan-corces/	unattempted			UNKNOWN
IGVFDS3519ETQG	IGVFFI9491CUAX	/labs/ryan-corces/	unattempted			UNKNOWN
IGVFDS4554CNBD	IGVFFI7773FMHJ	/labs/ali-mortazavi/	unattempted			completed
IGVFDS8571IOYF	IGVFFI5718SESX	/labs/ali-mortazavi/	unattempted			completed
IGVFDS0897TYFU	IGVFFI1353MAEK	/labs/ryan-corces/	unattempted			UNKNOWN
IGVFDS0537FNQT	IGVFFI3113NDOT	/labs/ryan-corces/	unattempted			UNKNOWN
IGVFDS6514PSNN	IGVFFI1883XSXZ	/labs/ali-mortazavi/	unattempted			completed
IGVFDS2448NNCO	IGVFFI5206UAQV	/labs/ryan-corces/	unattempted			UNKNOWN
IGVFDS2380JBBE	IGVFFI3627UZHO	/labs/ali-mortazavi/	unattempted			completed
IGVFDS4327DYUX	IGVFFI8250KOMM	/labs/ryan-corces/	unattempted			UNKNOWN
IGVFDS3901QGYB	IGVFFI4540XZXX	/labs/ryan-corces/	unattempted			UNKNOWN
IGVFDS7749POHT	IGVFFI5181TXRZ	/labs/ryan-corces/	unattempted			UNKNOWN
IGVFDS4609OGWC	IGVFFI4630FEUF	/labs/ali-mortazavi/	unattempted			completed
IGVFDS0658ZNEJ	IGVFFI0503RJGG	/labs/ali-mortazavi/	unattempted			completed
IGVFDS0797HHER	IGVFFI3125GWKU	/labs/ryan-corces/	unattempted			UNKNOWN
IGVFDS7470QXAY	IGVFFI7617FECX	/labs/ryan-corces/	unattempted			UNKNOWN
IGVFDS4086SDZF	IGVFFI4435QTDL	/labs/ryan-corces/	unattempted			UNKNOWN
IGVFDS5644MSUU	IGVFFI4122BDMH	/labs/ryan-corces/	unattempted			UNKNOWN
IGVFDS4952ZTYY	IGVFFI8717UUNV	/labs/ryan-corces/	unattempted			UNKNOWN
IGVFDS6131UGWU	IGVFFI9698EEOT	/labs/ryan-corces/	unattempted			UNKNOWN
IGVFDS9913RZQA	IGVFFI4469JXEO	/labs/ryan-corces/	unattempted			UNKNOWN
IGVFDS5527PQMS	IGVFFI6872ZFSO	/labs/ryan-corces/	unattempted			UNKNOWN
IGVFDS1997XLVK	IGVFFI5379GAUQ	/labs/ryan-corces/	unattempted			UNKNOWN
IGVFDS0572EEKB	IGVFFI1694FFWX	/labs/ali-mortazavi/	unattempted			completed
IGVFDS5831BFOJ	IGVFFI0403YKAE	/labs/ryan-corces/	unattempted			UNKNOWN
IGVFDS4701MNUU	IGVFFI5729UKND	/labs/ryan-corces/	unattempted			UNKNOWN
IGVFDS0298GQOX	IGVFFI4079CSBV	/labs/ryan-corces/	unattempted			UNKNOWN
IGVFDS1766CQDZ	IGVFFI8812FUII	/labs/ryan-corces/	unattempted			UNKNOWN
IGVFDS1139OXCS	IGVFFI1517ZYVI	/labs/ryan-corces/	unattempted			UNKNOWN
IGVFDS8884JJSQ	IGVFFI2025IJSX	/labs/ryan-corces/	unattempted			UNKNOWN
IGVFDS1142AYLM	IGVFFI3161AMCK	/labs/ryan-corces/	unattempted			UNKNOWN
IGVFDS3279RVYJ	IGVFFI9664GSSV	/labs/ryan-corces/	unattempted			UNKNOWN
IGVFDS0108ZVBZ	IGVFFI9559EALT	/labs/ali-mortazavi/	unattempted			completed
IGVFDS9378MRVC	IGVFFI7862ZCNS	/labs/ryan-corces/	unattempted			UNKNOWN
IGVFDS1130LPVT	IGVFFI4515IOSX	/labs/ali-mortazavi/	unattempted			completed
IGVFDS7464GBYC	IGVFFI6608DKOT	/labs/ryan-corces/	unattempted			UNKNOWN
IGVFDS4570XTOW	IGVFFI4416BSVE	/labs/ryan-corces/	unattempted			UNKNOWN
IGVFDS1730SLPC	IGVFFI9056ZBNU	/labs/ryan-corces/	unattempted			UNKNOWN
IGVFDS6197DQTJ	IGVFFI6846PMHP	/labs/ryan-corces/	unattempted			UNKNOWN
IGVFDS5618VONW	IGVFFI7488YGQD	/labs/ryan-corces/	unattempted			UNKNOWN
IGVFDS8115OZNU	IGVFFI5531HHBJ	/labs/ryan-corces/	unattempted			UNKNOWN
IGVFDS5995XFVE	IGVFFI4876TSDP	/labs/ryan-corces/	unattempted			UNKNOWN
IGVFDS4646GHDF	IGVFFI0417JYUA	/labs/ryan-corces/	unattempted			UNKNOWN
IGVFDS4860BKUF	IGVFFI5838LKWH	/labs/ryan-corces/	unattempted			UNKNOWN
IGVFDS3824DPVQ	IGVFFI2157OYUG	/labs/ryan-corces/	unattempted			UNKNOWN
IGVFDS6931IKII	IGVFFI4667REGP	/labs/ali-mortazavi/	unattempted			completed
IGVFDS1274RRUR	IGVFFI5536IBQW	/labs/ryan-corces/	unattempted			UNKNOWN
IGVFDS9191ODVF	IGVFFI1750VRKH	/labs/ryan-corces/	unattempted			UNKNOWN
IGVFDS5875AFXS	IGVFFI0871VUQX	/labs/ansuman-satpathy/	needs-fix	2026-06-04T00:48:15.545788+00:00	barcode_sample,cell_description,CL_id,analysis_set_accession,cell_name,subsample,CL_term_name	UNKNOWN
IGVFDS3170EFZC	IGVFFI3497FLMS	/labs/ryan-corces/	unattempted			UNKNOWN
IGVFDS9925OXXS	IGVFFI7618DLNA	/labs/ali-mortazavi/	unattempted			completed
IGVFDS3869VSBN	IGVFFI9335YJSJ	/labs/ryan-corces/	unattempted			UNKNOWN
IGVFDS0964NWDL	IGVFFI9882MWSO	/labs/ali-mortazavi/	unattempted			completed
IGVFDS1816ZART	IGVFFI5270OYAY	/labs/ryan-corces/	unattempted			UNKNOWN
IGVFDS6696NDHS	IGVFFI3416EIBQ	/labs/ryan-corces/	unattempted			UNKNOWN
IGVFDS3215JRTM	IGVFFI8864DYHR	/labs/ryan-corces/	unattempted			UNKNOWN
IGVFDS3848JRDZ	IGVFFI0878CGYD	/labs/ryan-corces/	unattempted			UNKNOWN
IGVFDS8384EYPN	IGVFFI9349IIRT	/labs/ryan-corces/	unattempted			UNKNOWN
IGVFDS7303VQEG	IGVFFI5615YQPQ	/labs/ryan-corces/	unattempted			UNKNOWN
IGVFDS4293JHVU	IGVFFI3157VKJX	/labs/ryan-corces/	unattempted			UNKNOWN
IGVFDS1006UOWL	IGVFFI7127GKQZ	/labs/ryan-corces/	unattempted			UNKNOWN
IGVFDS5556AJYX	IGVFFI8993RZKH	/labs/ali-mortazavi/	unattempted			completed
IGVFDS7894HZUJ	IGVFFI6161MLAI	/labs/ryan-corces/	unattempted			UNKNOWN
IGVFDS1026ULML	IGVFFI7042FXHR	/labs/ryan-corces/	unattempted			UNKNOWN
IGVFDS5054GULQ	IGVFFI7563WFTM	/labs/ryan-corces/	unattempted			UNKNOWN
IGVFDS0937CSAT	IGVFFI7601UIJD	/labs/ryan-corces/	unattempted			UNKNOWN
IGVFDS5786GFDC	IGVFFI3313EDAN	/labs/ryan-corces/	unattempted			UNKNOWN
IGVFDS0931BCQK	IGVFFI1133MOUO	/labs/ryan-corces/	unattempted			UNKNOWN
IGVFDS7256QAYY	IGVFFI9974RKXM	/labs/ali-mortazavi/	unattempted			completed
IGVFDS0457QFAM	IGVFFI3311GMNH	/labs/ryan-corces/	unattempted			UNKNOWN
IGVFDS3824EJZQ	IGVFFI1347ECYU	/labs/ali-mortazavi/	unattempted			completed
IGVFDS8157HBWM	IGVFFI8269DNFN	/labs/ryan-corces/	unattempted			UNKNOWN
IGVFDS7092GPQR	IGVFFI5991ALBK	/labs/ryan-corces/	unattempted			UNKNOWN
IGVFDS4060LCEP	IGVFFI8818GPSH	/labs/ryan-corces/	unattempted			UNKNOWN
IGVFDS9249BUOF	IGVFFI0005HRPV	/labs/ryan-corces/	unattempted			UNKNOWN
IGVFDS2341TBVG	IGVFFI7686ALRX	/labs/jason-buenrostro/	unattempted			completed
IGVFDS8135IXYF	IGVFFI7171OZBE	/labs/ali-mortazavi/	unattempted			completed
IGVFDS8677YQYQ	IGVFFI8809JPKM	/labs/ryan-corces/	unattempted			UNKNOWN
IGVFDS5530DNBW	IGVFFI0993BVHZ	/labs/ryan-corces/	unattempted			UNKNOWN
IGVFDS9365TYWC	IGVFFI3954JJDN	/labs/jason-buenrostro/	unattempted			completed
IGVFDS8692JVTD	IGVFFI3963CDGY	/labs/ansuman-satpathy/	needs-fix	2026-07-31T20:49:22.168505+00:00	barcode_sample,cell_description,CL_id,analysis_set_accession,cell_name,subsample,CL_term_name	UNKNOWN
IGVFDS0527IPKX	IGVFFI6141UMZJ	/labs/ryan-corces/	unattempted			UNKNOWN
IGVFDS6783SHDU	IGVFFI5683RMTJ	/labs/ryan-corces/	unattempted			UNKNOWN
IGVFDS8328CWWK	IGVFFI9868VNYO	/labs/ryan-corces/	unattempted			UNKNOWN
IGVFDS3767UTDU	IGVFFI4839SATB	/labs/jason-buenrostro/	unattempted			completed
IGVFDS8654OJRS	IGVFFI0878ATKE	/labs/ryan-corces/	unattempted			UNKNOWN
IGVFDS3952WFCG	IGVFFI9442RQPZ	/labs/ryan-corces/	unattempted			UNKNOWN
IGVFDS4861RFRQ	IGVFFI5034GSWN	/labs/ryan-corces/	unattempted			UNKNOWN
IGVFDS1857UZFX	IGVFFI1400KZCA	/labs/ryan-corces/	unattempted			UNKNOWN
IGVFDS3606BNDF	IGVFFI1432VQDS	/labs/ryan-corces/	unattempted			UNKNOWN
IGVFDS7786JSWZ	IGVFFI6925DKKL	/labs/ansuman-satpathy/	needs-fix	2026-05-07T15:27:42.458585+00:00	barcode_sample,cell_description,CL_id,analysis_set_accession,cell_name,subsample,CL_term_name	UNKNOWN
IGVFDS1665GNSJ	IGVFFI9020EXHU	/labs/ali-mortazavi/	unattempted			completed
IGVFDS4526USVL	IGVFFI9208AUAF	/labs/ryan-corces/	unattempted			UNKNOWN
IGVFDS0739FYII	IGVFFI1265MSPU	/labs/ryan-corces/	unattempted			UNKNOWN
IGVFDS5764UORX	IGVFFI8540DOVF	/labs/ryan-corces/	unattempted			UNKNOWN
IGVFDS9261GRUR	IGVFFI8562GNEW	/labs/ali-mortazavi/	unattempted			completed
IGVFDS5211NUVL	IGVFFI6277MGQT	/labs/ryan-corces/	unattempted			UNKNOWN
IGVFDS4107HSYD	IGVFFI3386ELZG	/labs/ryan-corces/	unattempted			UNKNOWN
IGVFDS2352FNSG	IGVFFI7557BBCN	/labs/ryan-corces/	unattempted			UNKNOWN
IGVFDS4824ZKGW	IGVFFI4055FCNM	/labs/ryan-corces/	unattempted			UNKNOWN
IGVFDS8174AAYU	IGVFFI6811NJLW	/labs/ali-mortazavi/	unattempted			completed
IGVFDS9510PRNJ	IGVFFI1686VAMY	/labs/ryan-corces/	unattempted			UNKNOWN
IGVFDS1568LYLT	IGVFFI6457FICR	/labs/ryan-corces/	unattempted			UNKNOWN
IGVFDS8193TWPC	IGVFFI1477UOAR	/labs/ali-mortazavi/	unattempted			completed
IGVFDS9329CSNK	IGVFFI0684ZTTN	/labs/ryan-corces/	unattempted			UNKNOWN
IGVFDS4687BFJT	IGVFFI4068NZIO	/labs/ryan-corces/	unattempted			UNKNOWN
IGVFDS4756QGVV	IGVFFI1169FSAB	/labs/ali-mortazavi/	unattempted			completed
IGVFDS8434NQTG	IGVFFI8119VIRB	/labs/ryan-corces/	unattempted			UNKNOWN
IGVFDS0086FNZC	IGVFFI7571EQAR	/labs/ryan-corces/	unattempted			UNKNOWN
IGVFDS7207OXLH	IGVFFI5874HGUB	/labs/ryan-corces/	unattempted			UNKNOWN
IGVFDS1553TYTX	IGVFFI1980NOSA	/labs/ali-mortazavi/	unattempted			completed
IGVFDS7651ZYRO	IGVFFI8073OYPU	/labs/ryan-corces/	unattempted			UNKNOWN
IGVFDS7119DIHX	IGVFFI0248TXWM	/labs/ryan-corces/	unattempted			UNKNOWN
IGVFDS1046JFBH	IGVFFI7811QGHC	/labs/ryan-corces/	unattempted			UNKNOWN
IGVFDS6878VVKF	IGVFFI2107SBEE	/labs/ryan-corces/	unattempted			UNKNOWN
IGVFDS3404RQRW	IGVFFI4575ENSK	/labs/ansuman-satpathy/	needs-fix	2026-07-31T20:52:58.084305+00:00	CL_term_name,cell_name,CL_id,analysis_set_accession,cell_description,barcode_sample	UNKNOWN
IGVFDS5534DIUV	IGVFFI8821TMGW	/labs/ali-mortazavi/	unattempted			completed
IGVFDS5703RZTQ	IGVFFI5490VOOA	/labs/ryan-corces/	unattempted			UNKNOWN
IGVFDS5986CUOS	IGVFFI2703JAAS	/labs/ryan-corces/	unattempted			UNKNOWN
IGVFDS3517VFQK	IGVFFI7199VICA	/labs/ryan-corces/	unattempted			UNKNOWN
IGVFDS3309ZYXO	IGVFFI1732SDSN	/labs/ryan-corces/	unattempted			UNKNOWN
IGVFDS7524WJJT	IGVFFI1664XWXM	/labs/ryan-corces/	unattempted			UNKNOWN
IGVFDS7547DCHE	IGVFFI1614WGIR	/labs/ryan-corces/	unattempted			UNKNOWN
IGVFDS4633TQVO	IGVFFI2266YZWK	/labs/jason-buenrostro/	unattempted			completed
IGVFDS3344MOSA	IGVFFI5839CZAI	/labs/ryan-corces/	unattempted			UNKNOWN
IGVFDS4571OVXW	IGVFFI9469LJLF	/labs/ryan-corces/	unattempted			UNKNOWN
IGVFDS4417DSDP	IGVFFI8632HWEX	/labs/ryan-corces/	unattempted			UNKNOWN
IGVFDS3800WWME	IGVFFI7278JZQN	/labs/jason-buenrostro/	unattempted			completed
IGVFDS4024KRUY	IGVFFI4770UZDX	/labs/ryan-corces/	unattempted			UNKNOWN
IGVFDS3332CTYP	IGVFFI4217YRRN	/labs/ryan-corces/	unattempted			UNKNOWN
IGVFDS8680AGWZ	IGVFFI2036CJXR	/labs/ryan-corces/	unattempted			UNKNOWN
IGVFDS7664USPN	IGVFFI9015RPOB	/labs/ryan-corces/	unattempted			UNKNOWN
IGVFDS5789TYVJ	IGVFFI7198SYSK	/labs/ryan-corces/	unattempted			UNKNOWN
IGVFDS1170FKEK	IGVFFI5779EECO	/labs/ansuman-satpathy/	needs-fix	2026-05-07T17:28:29.005476+00:00	cell_name,CL_term_name,CL_id,barcode_sample,analysis_set_accession,subsample,cell_description	UNKNOWN
IGVFDS9981DTFS	IGVFFI4526YDYS	/labs/ryan-corces/	unattempted			UNKNOWN
IGVFDS6745WNUH	IGVFFI2607KQZS	/labs/ali-mortazavi/	unattempted			completed
IGVFDS7758UZTY	IGVFFI1395MBVZ	/labs/ryan-corces/	unattempted			UNKNOWN
IGVFDS9237AKNN	IGVFFI4664KRTI	/labs/ansuman-satpathy/	needs-fix	2026-07-31T20:38:40.169386+00:00	subsample,CL_term_name,cell_name,cell_description,analysis_set_accession,barcode_sample,CL_id	UNKNOWN
IGVFDS0178VKDP	IGVFFI1587ZYXR	/labs/ali-mortazavi/	unattempted			completed
IGVFDS7040QKCT	IGVFFI7055QNPD	/labs/ali-mortazavi/	unattempted			completed
IGVFDS6425ZERN	IGVFFI7254YBEH	/labs/ali-mortazavi/	unattempted			completed
IGVFDS6799JBGG	IGVFFI9154UXZV	/labs/ansuman-satpathy/	needs-fix	2026-08-04T21:46:07.845785+00:00	barcode_sample,cell_description,CL_id,subsample,analysis_set_accession,CL_term_name,cell_name	UNKNOWN
IGVFDS8481FAAR	IGVFFI5779MEET	/labs/ryan-corces/	unattempted			UNKNOWN
IGVFDS7039GRZR	IGVFFI9073XCJB	/labs/ansuman-satpathy/	needs-fix	2026-06-04T00:52:53.949734+00:00	analysis_set_accession,cell_name,barcode_sample,cell_description,CL_id,CL_term_name,subsample	UNKNOWN
IGVFDS2515KFVI	IGVFFI4622QYQZ	/labs/ryan-corces/	unattempted			UNKNOWN
IGVFDS1709EDDP	IGVFFI8872OILQ	/labs/ryan-corces/	unattempted			UNKNOWN
IGVFDS0041YBVJ	IGVFFI8591KAMD	/labs/ryan-corces/	unattempted			UNKNOWN
IGVFDS1975LSCO	IGVFFI1253HPEV	/labs/ryan-corces/	unattempted			UNKNOWN
IGVFDS1528OIIL	IGVFFI9454XODL	/labs/ryan-corces/	unattempted			UNKNOWN
IGVFDS0592QTIA	IGVFFI1350YJKF	/labs/ryan-corces/	unattempted			UNKNOWN
IGVFDS6809PMWP	IGVFFI2065IJIG	/labs/ryan-corces/	unattempted			UNKNOWN
IGVFDS9506WULP	IGVFFI3159TICV	/labs/ryan-corces/	unattempted			UNKNOWN
IGVFDS6173KZUG	IGVFFI2250ZLKM	/labs/ryan-corces/	unattempted			UNKNOWN
IGVFDS1105KTIQ	IGVFFI5734YAMC	/labs/ansuman-satpathy/	needs-fix	2026-07-31T20:22:26.091411+00:00	CL_id,CL_term_name,barcode_sample,cell_name,subsample,cell_description,analysis_set_accession	UNKNOWN
IGVFDS0229XSFM	IGVFFI2957JPQO	/labs/ryan-corces/	unattempted			UNKNOWN
IGVFDS8224KTIL	IGVFFI2943VCPK	/labs/ali-mortazavi/	unattempted			completed
IGVFDS9314FSBL	IGVFFI8202CMVL	/labs/ryan-corces/	unattempted			UNKNOWN
IGVFDS3293NAHS	IGVFFI9594MHEK	/labs/ryan-corces/	unattempted			UNKNOWN
IGVFDS0882CLQQ	IGVFFI8078UDPY	/labs/ali-mortazavi/	unattempted			completed
IGVFDS1747VRWJ	IGVFFI9419UAWG	/labs/ryan-corces/	unattempted			UNKNOWN
IGVFDS1028VSJQ	IGVFFI3706CVXW	/labs/danwei-huangfu/	unattempted			
IGVFDS2036KAYU	IGVFFI8541QPYY	/labs/bing-ren/	needs-fix	2026-07-30T05:41:55.572861+00:00		UNKNOWN
IGVFDS6718MRBP	IGVFFI6868VCSO	/labs/jason-buenrostro/	needs-fix	2026-08-27T20:15:10.256945+00:00		completed
IGVFDS0294NWHB	IGVFFI4807QILE	/labs/ryan-corces/	unattempted			UNKNOWN
IGVFDS6998JVAX	IGVFFI5856SNXP	/labs/ali-mortazavi/	unattempted			completed
IGVFDS9112VUDF	IGVFFI8650MUCX	/labs/ryan-corces/	unattempted			UNKNOWN
IGVFDS3268OMJN	IGVFFI9023NKZM	/labs/kathrin-plath/	needs-fix	2026-07-23T21:34:58.808189+00:00		UNKNOWN
IGVFDS0584FVMW	IGVFFI9234UQBZ	/labs/ansuman-satpathy/	needs-fix	2026-07-31T21:17:30.813670+00:00	CL_term_name,cell_name,cell_description,analysis_set_accession,barcode_sample,subsample,CL_id	UNKNOWN
IGVFDS3549FUQU	IGVFFI9326YGBL	/labs/ansuman-satpathy/	needs-fix	2026-06-04T00:49:02.424364+00:00	cell_description,analysis_set_accession,CL_term_name,barcode_sample,subsample,CL_id,cell_name	UNKNOWN
